{"cameraMode":{"drawMode":0,"name":"Shaded","section":"Shading Mode"},"sceneLighting":true,"audioPlay":false,"sceneViewState":{"m_AlwaysRefresh":false,"showFog":true,"showSkybox":true,"showFlares":true,"showImageEffects":true,"showParticleSystems":true,"showVisualEffectGraphs":true,"m_FxEnabled":true},"in2DMode":false,"pivot":{"x":28.738479614257814,"y":66.76786804199219,"z":68.81778717041016},"rotation":{"x":0.010878129862248898,"y":0.9885467290878296,"z":-0.12220843881368637,"w":0.08800902217626572},"size":26.286951065063478,"orthographic":false}